{"cameraMode":{"drawMode":0,"name":"Shaded","section":"Shading Mode"},"sceneLighting":true,"audioPlay":false,"sceneViewState":{"m_AlwaysRefresh":false,"showFog":true,"showSkybox":true,"showFlares":true,"showImageEffects":true,"showParticleSystems":true,"showVisualEffectGraphs":true,"m_FxEnabled":true},"in2DMode":false,"pivot":{"x":23.39540672302246,"y":-8.095956802368164,"z":8.476372718811036},"rotation":{"x":-0.42765483260154726,"y":-0.004602119792252779,"z":0.002178288297727704,"w":-0.9039372801780701},"size":17.67255210876465,"orthographic":false}